USE ecommerce_security_platform;

SET FOREIGN_KEY_CHECKS = 0;

TRUNCATE TABLE order_items;
TRUNCATE TABLE orders;
TRUNCATE TABLE cart_items;
TRUNCATE TABLE carts;
TRUNCATE TABLE products;
TRUNCATE TABLE risk_logs;
TRUNCATE TABLE login_attempts;
TRUNCATE TABLE tokens;
TRUNCATE TABLE otps;
TRUNCATE TABLE login_challenges;
TRUNCATE TABLE users;

SET FOREIGN_KEY_CHECKS = 1;

-- =====================================================
-- USERS
-- Password for customer users: 123456
-- Password for admin: admin123
-- Hash generated by PHP password_hash()
-- =====================================================

INSERT INTO users (
    id,
    name,
    email,
    phone,
    password_hash,
    role,
    is_active,
    created_at,
    updated_at
) VALUES
(
    1,
    'Nguyen Van A',
    'user@example.com',
    '0932660941',
    '$2y$12$yx5H4kYbGHVM69Gk8WhCOufw3nqHDy7fp9PkKTV0AAc.NgizX14mG',
    'customer',
    1,
    NOW(),
    NULL
),
(
    2,
    'Tran Thi B',
    'userb@example.com',
    '0911111111',
    '$2y$12$yx5H4kYbGHVM69Gk8WhCOufw3nqHDy7fp9PkKTV0AAc.NgizX14mG',
    'customer',
    1,
    NOW(),
    NULL
),
(
    3,
    'Admin',
    'admin@example.com',
    '0999999999',
    '$2y$12$WSJ0CAZwENL0bW94o8uyM.uDuNlYH5XsXpyxunB3HuJuuFH6NTlcC',
    'admin',
    1,
    NOW(),
    NULL
);

-- =====================================================
-- PRODUCTS
-- =====================================================

INSERT INTO products (
    id,
    name,
    short_description,
    description,
    ingredient,
    price,
    stock,
    image,
    is_active,
    created_at,
    updated_at
) VALUES
(
    1,
    'Wireless Mouse',
    'Chuột không dây cơ bản cho nhu cầu văn phòng.',
    'Basic wireless mouse for testing cart and order API.',
    'Plastic shell, optical sensor, USB receiver, AA battery',
    150000,
    20,
    'wireless-mouse.jpg',
    1,
    NOW(),
    NULL
),
(
    2,
    'Mechanical Keyboard',
    'Bàn phím cơ phục vụ demo danh sách sản phẩm.',
    'Mechanical keyboard for demo product listing.',
    'Plastic frame, mechanical switches, keycaps, USB cable',
    750000,
    15,
    'mechanical-keyboard.jpg',
    1,
    NOW(),
    NULL
),
(
    3,
    'USB-C Cable',
    'Cáp sạc USB-C dùng cho thiết bị di động.',
    'USB-C charging cable.',
    'Copper wire, PVC coating, USB-C connector',
    90000,
    50,
    'usb-c-cable.jpg',
    1,
    NOW(),
    NULL
),
(
    4,
    'Laptop Stand',
    'Giá đỡ laptop bằng nhôm.',
    'Aluminum laptop stand.',
    'Aluminum alloy, silicone anti-slip pad',
    320000,
    10,
    'laptop-stand.jpg',
    1,
    NOW(),
    NULL
),
(
    5,
    'Inactive Product',
    'Sản phẩm inactive dùng để test trạng thái hiển thị.',
    'This product is inactive and used for product availability testing.',
    'Demo ingredient',
    100000,
    5,
    'inactive-product.jpg',
    0,
    NOW(),
    NULL
);

-- =====================================================
-- CARTS
-- =====================================================

INSERT INTO carts (
    id,
    user_id,
    created_at,
    updated_at
) VALUES
(
    1,
    1,
    NOW(),
    NULL
),
(
    2,
    2,
    NOW(),
    NULL
);

-- =====================================================
-- CART ITEMS
-- =====================================================

INSERT INTO cart_items (
    id,
    cart_id,
    product_id,
    quantity,
    created_at,
    updated_at
) VALUES
(
    1,
    1,
    1,
    2,
    NOW(),
    NULL
),
(
    2,
    1,
    3,
    1,
    NOW(),
    NULL
),
(
    3,
    2,
    2,
    1,
    NOW(),
    NULL
);

-- =====================================================
-- SAMPLE ORDER
-- =====================================================

INSERT INTO orders (
    id,
    user_id,
    shipping_name,
    shipping_phone,
    shipping_address,
    payment_method,
    status,
    total,
    created_at,
    updated_at
) VALUES
(
    1001,
    1,
    'Nguyen Van A',
    '0932660941',
    '123 Nguyen Trai, HCMC',
    'COD',
    'PENDING',
    390000,
    NOW(),
    NULL
);

INSERT INTO order_items (
    id,
    order_id,
    product_id,
    product_name,
    price,
    quantity,
    subtotal,
    created_at
) VALUES
(
    1,
    1001,
    1,
    'Wireless Mouse',
    150000,
    2,
    300000,
    NOW()
),
(
    2,
    1001,
    3,
    'USB-C Cable',
    90000,
    1,
    90000,
    NOW()
);