USE ecommerce_security_platform;

SET FOREIGN_KEY_CHECKS = 0;

TRUNCATE TABLE order_items;
TRUNCATE TABLE orders;
TRUNCATE TABLE cart_items;
TRUNCATE TABLE carts;
TRUNCATE TABLE products;
TRUNCATE TABLE risk_logs;
TRUNCATE TABLE login_attempts;
TRUNCATE TABLE tokens;
TRUNCATE TABLE otps;
TRUNCATE TABLE login_challenges;
TRUNCATE TABLE users;

SET FOREIGN_KEY_CHECKS = 1;

-- =====================================================
-- USERS
-- Password for customer users: 123456
-- Password for admin: admin123
-- Hash generated by PHP password_hash()
-- =====================================================

INSERT INTO users (
    id,
    name,
    email,
    phone,
    password_hash,
    role,
    is_active,
    created_at,
    updated_at
) VALUES
(
    1,
    'Nguyen Van A',
    'user@example.com',
    '0932660941',
    '$2y$12$yx5H4kYbGHVM69Gk8WhCOufw3nqHDy7fp9PkKTV0AAc.NgizX14mG',
    'customer',
    1,
    NOW(),
    NULL
),
(
    2,
    'Tran Thi B',
    'userb@example.com',
    '0911111111',
    '$2y$12$yx5H4kYbGHVM69Gk8WhCOufw3nqHDy7fp9PkKTV0AAc.NgizX14mG',
    'customer',
    1,
    NOW(),
    NULL
),
(
    3,
    'Admin',
    'admin@example.com',
    '0999999999',
    '$2y$12$WSJ0CAZwENL0bW94o8uyM.uDuNlYH5XsXpyxunB3HuJuuFH6NTlcC',
    'admin',
    1,
    NOW(),
    NULL
);

-- =====================================================
-- PRODUCTS
-- =====================================================

INSERT INTO products (
    id,
    name,
    short_description,
    description,
    ingredient,
    price,
    stock,
    image,
    is_active,
    created_at,
    updated_at
) VALUES
(
    1,
    'Chocolate Sprinkle Donut',
    'Classic chocolate glazed donut topped with rainbow sprinkles.',
    'A soft and fluffy yeast donut coated in rich chocolate glaze, finished with a generous topping of colorful rainbow sprinkles.',
    'Wheat flour, milk, eggs, sugar, butter, cocoa powder, rainbow sprinkles',
    45000,
    34,
    'donut_1.png',
    1,
    NOW(),
    NULL
),
(
    2,
    'Strawberry Frosted Donut',
    'Sweet strawberry frosted donut with a creamy finish.',
    'A light and airy donut topped with smooth strawberry frosting, delivering a perfect balance of sweetness.',
    'Wheat flour, milk, eggs, sugar, butter, strawberry jam',
    55000,
    25,
    'donut_2.png',
    1,
    NOW(),
    NULL
),
(
    3,
    'Vanilla Glazed Donut',
    'Classic vanilla glazed donut with a golden finish.',
    'Our signature soft donut with a thin, sweet vanilla glaze that melts in your mouth.',
    'Wheat flour, milk, eggs, sugar, butter',
    40000,
    40,
    'donut_3.png',
    1,
    NOW(),
    NULL
),
(
    4,
    'Caramel Drizzle Donut',
    'Delicious donut with a rich caramel drizzle.',
    'A decadent donut topped with a luscious caramel glaze, creating a delightful treat.',
    'Wheat flour, milk, eggs, sugar, butter, caramel sauce',
    50000,
    20,
    'donut_4.png',
    1,
    NOW(),
    NULL
),
(
    5,
    'Matcha Green Tea Donut',
    'Premium matcha green tea flavored donut.',
    'A unique donut infused with authentic Japanese matcha powder, offering a delightful earthy sweetness.',
    'Wheat flour, milk, eggs, sugar, butter, matcha powder, white chocolate',
    55000,
    18,
    'donut_5.png',
    0,
    NOW(),
    NULL
),
(
    6,
    'Blueberry Burst Donut',
    'Fresh blueberry filled donut with sugar coating.',
    'A soft donut filled with real blueberry jam and dusted with powdered sugar for a fruity delight.',
    'Wheat flour, milk, eggs, sugar, butter, blueberry jam, powdered sugar',
    50000,
    25,
    'donut_6.png',
    1,
    NOW(),
    NULL
),

(
    7,
    'Cookies & Cream Donut',
    'Crushed cookies topped donut with cream filling.',
    'A decadent donut topped with crushed chocolate cookies and filled with smooth vanilla cream.',
    'Wheat flour, milk, eggs, sugar, butter, chocolate cookies, vanilla cream',
    58000,
    15,
    'donut_7.png',
    1,
    NOW(),
    NULL
),

(
    8,
    'Cinnamon Sugar Donut',
    'Warm cinnamon sugar coated classic donut.',
    'A timeless favorite — a warm, soft donut rolled in a fragrant cinnamon and sugar blend.',
    'Wheat flour, milk, eggs, sugar, butter, cinnamon, nutmeg',
    38000,
    40,
    'donut_8.png',
    1,
    NOW(),
    NULL
),

(
    9,
    'Peanut Butter Donut',
    'Creamy peanut butter glazed donut.',
    'A rich donut coated with smooth peanut butter glaze and topped with crushed peanuts.',
    'Wheat flour, milk, eggs, sugar, butter, peanut butter, roasted peanuts',
    50000,
    20,
    'donut_9.png',
    1,
    NOW(),
    NULL
),

(
    10,
    'Red Velvet Donut',
    'Luxurious red velvet donut with cream cheese drizzle.',
    'A stunning red velvet donut with a hint of cocoa, topped with a luscious cream cheese drizzle.',
    'Wheat flour, milk, eggs, sugar, butter, cocoa powder, cream cheese, food coloring',
    60000,
    12,
    'donut_10.png',
    1,
    NOW(),
    NULL
),
(
    11,
    'Maple Bacon Donut',
    'Sweet maple glazed donut with crispy bacon bits.',
    'The perfect sweet-and-savory combination — maple glazed donut topped with crispy bacon pieces.',
    'Wheat flour, milk, eggs, sugar, butter, maple syrup, bacon',
    62000,
    10,
    'donut_11.png',
    1,
    NOW(),
    NULL
),

(
    12,
    'Lemon Poppy Seed Donut',
    'Refreshing lemon donut with poppy seed crunch.',
    'A zesty lemon-flavored donut studded with poppy seeds and finished with a tangy lemon glaze.',
    'Wheat flour, milk, eggs, sugar, butter, lemon zest, poppy seeds',
    46000,
    30,
    'donut_12.png',
    1,
    NOW(),
    NULL
),

(
    13,
    'Tiramisu Donut',
    'Coffee-infused donut inspired by classic tiramisu.',
    'An elegant donut soaked in espresso, filled with mascarpone cream, and dusted with cocoa powder.',
    'Wheat flour, milk, eggs, sugar, butter, espresso, mascarpone, cocoa powder',
    65000,
    8,
    'donut_13.png',
    1,
    NOW(),
    NULL
),

(
    14,
    'Coconut Paradise Donut',
    'Tropical coconut donut with shredded coconut topping.',
    'A tropical-inspired donut coated in coconut glaze and generously topped with toasted shredded coconut.',
    'Wheat flour, milk, eggs, sugar, butter, coconut milk, shredded coconut',
    48000,
    26,
    'donut_14.png',
    1,
    NOW(),
    NULL
),

(
    15,
    'Dark Chocolate Truffle Donut',
    'Intense dark chocolate donut for chocolate lovers.',
    'A premium donut made with Belgian dark chocolate, filled with chocolate ganache and topped with cocoa nibs.',
    'Wheat flour, milk, eggs, sugar, butter, dark chocolate, cocoa nibs, heavy cream',
    68000,
    10,
    'donut_15.png',
    1,
    NOW(),
    NULL
);

-- =====================================================
-- CARTS
-- =====================================================

INSERT INTO carts (
    id,
    user_id,
    created_at,
    updated_at
) VALUES
(
    1,
    1,
    NOW(),
    NULL
),
(
    2,
    2,
    NOW(),
    NULL
);

-- =====================================================
-- CART ITEMS
-- =====================================================

INSERT INTO cart_items (
    id,
    cart_id,
    product_id,
    quantity,
    created_at,
    updated_at
) VALUES
(
    1,
    1,
    1,
    2,
    NOW(),
    NULL
),
(
    2,
    1,
    3,
    1,
    NOW(),
    NULL
),
(
    3,
    2,
    2,
    1,
    NOW(),
    NULL
);

-- =====================================================
-- SAMPLE ORDER
-- =====================================================

INSERT INTO orders (
    id,
    user_id,
    shipping_name,
    shipping_phone,
    shipping_address,
    payment_method,
    status,
    total,
    created_at,
    updated_at
) VALUES
(
    1001,
    1,
    'Nguyen Van A',
    '0932660941',
    '123 Nguyen Trai, HCMC',
    'COD',
    'PENDING',
    235000, 
    NOW(),
    NULL
);

INSERT INTO order_items (
    id,
    order_id,
    product_id,
    product_name,
    price,
    quantity,
    subtotal,
    created_at
) VALUES
(
    1,
    1001,
    1,
    'Chocolate Sprinkle Donut',
    45000,
    2,
    90000,
    NOW()
),
(
    2,
    1001,
    3,
    'Vanilla Glazed Donut',
    40000,
    1,
    40000,
    NOW()
),
(
    3,
    1001,
    4,
    'Caramel Drizzle Donut',
    50000,
    1,
    50000,
    NOW()
);
